[
    { "slug": "gen", "title": "Genesis" },
    { "slug": "exo", "title": "Exodus" },
    { "slug": "lev", "title": "Leviticus" },
    { "slug": "num", "title": "Numbers" },
    { "slug": "deu", "title": "Deuteronomy" },
    { "slug": "jos", "title": "Joshua" },
    { "slug": "jdg", "title": "Judges" },
    { "slug": "rut", "title": "Ruth" },
    { "slug": "1sa", "title": "1 Samuel" },
    { "slug": "2sa", "title": "2 Samuel" },
    { "slug": "1ki", "title": "1 Kings" },
    { "slug": "2ki", "title": "2 Kings" },
    { "slug": "1ch", "title": "1 Chronicles" },
    { "slug": "2ch", "title": "2 Chronicles" },
    { "slug": "ezr", "title": "Ezra" },
    { "slug": "neh", "title": "Nehemiah" },
    { "slug": "est", "title": "Esther" },
    { "slug": "job", "title": "Job" },
    { "slug": "psa", "title": "Psalms" },
    { "slug": "pro", "title": "Proverbs" },
    { "slug": "ecc", "title": "Ecclesiastes" },
    { "slug": "sng", "title": "Song of Songs" },
    { "slug": "isa", "title": "Isaiah" },
    { "slug": "jer", "title": "Jeremiah" },
    { "slug": "lam", "title": "Lamentations" },
    { "slug": "ezk", "title": "Ezekiel" },
    { "slug": "dan", "title": "Daniel" },
    { "slug": "hos", "title": "Hosea" },
    { "slug": "jol", "title": "Joel" },
    { "slug": "amo", "title": "Amos" },
    { "slug": "oba", "title": "Obadiah" },
    { "slug": "jnh", "title": "Jonah" },
    { "slug": "mic", "title": "Micah" },
    { "slug": "nam", "title": "Nahum" },
    { "slug": "hab", "title": "Habakkuk" },
    { "slug": "zep", "title": "Zephaniah" },
    { "slug": "hag", "title": "Haggai" },
    { "slug": "zec", "title": "Zechariah" },
    { "slug": "mal", "title": "Malachi" },
    { "slug": "mat", "title": "Matthew" },
    { "slug": "mrk", "title": "Mark" },
    { "slug": "luk", "title": "Luke" },
    { "slug": "jhn", "title": "John" },
    { "slug": "act", "title": "Acts of the Apostles" },
    { "slug": "rom", "title": "Romans" },
    { "slug": "1co", "title": "1 Corinthians" },
    { "slug": "2co", "title": "2 Corinthians" },
    { "slug": "gal", "title": "Galatians" },
    { "slug": "eph", "title": "Ephesians" },
    { "slug": "php", "title": "Philippians" },
    { "slug": "col", "title": "Colossians" },
    { "slug": "1th", "title": "1 Thessalonians" },
    { "slug": "2th", "title": "2 Thessalonians" },
    { "slug": "1ti", "title": "1 Timothy" },
    { "slug": "2ti", "title": "2 Timothy" },
    { "slug": "tit", "title": "Titus" },
    { "slug": "phm", "title": "Philemon" },
    { "slug": "heb", "title": "Hebrews" },
    { "slug": "jas", "title": "James" },
    { "slug": "1pe", "title": "1 Peter" },
    { "slug": "2pe", "title": "2 Peter" },
    { "slug": "1jn", "title": "1 John" },
    { "slug": "2jn", "title": "2 John" },
    { "slug": "3jn", "title": "3 John" },
    { "slug": "jud", "title": "Jude" },
    { "slug": "rev", "title": "Revelation" }
]
