[
    { "slug": "gen", "downloadSlug": "gen", "title": "Gênesis" },
    { "slug": "exo", "downloadSlug": "exo", "title": "Êxodo" },
    { "slug": "lev", "downloadSlug": "lev", "title": "Levítico" },
    { "slug": "num", "downloadSlug": "num", "title": "Números" },
    { "slug": "deu", "downloadSlug": "deu", "title": "Deuteronômio" },
    { "slug": "jos", "downloadSlug": "jos", "title": "Josué" },
    { "slug": "jdg", "downloadSlug": "jgd", "title": "Juízes" },
    { "slug": "rut", "downloadSlug": "rut", "title": "Rute" },
    { "slug": "1sa", "downloadSlug": "1sa", "title": "1 Samuel" },
    { "slug": "2sa", "downloadSlug": "2sa", "title": "2 Samuel" },
    { "slug": "1ki", "downloadSlug": "1ki", "title": "1 Reis" },
    { "slug": "2ki", "downloadSlug": "2ki", "title": "2 Reis" },
    { "slug": "1ch", "downloadSlug": "1ch", "title": "1 Crônicas" },
    { "slug": "2ch", "downloadSlug": "2ch", "title": "2 Crônicas" },
    { "slug": "ezr", "downloadSlug": "ezr", "title": "Esdras" },
    { "slug": "neh", "downloadSlug": "neh", "title": "Neemias" },
    { "slug": "est", "downloadSlug": "est", "title": "Ester" },
    { "slug": "job", "downloadSlug": "job", "title": "Jó" },
    { "slug": "psa", "downloadSlug": "psa", "title": "Salmos" },
    { "slug": "pro", "downloadSlug": "pro", "title": "Provérbios" },
    { "slug": "ecc", "downloadSlug": "ecc", "title": "Eclesiastes" },
    { "slug": "sng", "downloadSlug": "sng", "title": "Cantares" },
    { "slug": "isa", "downloadSlug": "isa", "title": "Isaías" },
    { "slug": "jer", "downloadSlug": "jer", "title": "Jeremias" },
    { "slug": "lam", "downloadSlug": "lam", "title": "Lamentações" },
    { "slug": "ezk", "downloadSlug": "ezk", "title": "Ezequiel" },
    { "slug": "dan", "downloadSlug": "dan", "title": "Daniel" },
    { "slug": "hos", "downloadSlug": "hos", "title": "Oseias" },
    { "slug": "jol", "downloadSlug": "jol", "title": "Joel" },
    { "slug": "amo", "downloadSlug": "amo", "title": "Amós" },
    { "slug": "oba", "downloadSlug": "oba", "title": "Obadias" },
    { "slug": "jnh", "downloadSlug": "jon", "title": "Jonas" },
    { "slug": "mic", "downloadSlug": "mic", "title": "Miqueias" },
    { "slug": "nam", "downloadSlug": "nam", "title": "Naum" },
    { "slug": "hab", "downloadSlug": "hab", "title": "Habacuque" },
    { "slug": "zep", "downloadSlug": "zep", "title": "Sofonias" },
    { "slug": "hag", "downloadSlug": "hag", "title": "Ageu" },
    { "slug": "zec", "downloadSlug": "zec", "title": "Zacarias" },
    { "slug": "mal", "downloadSlug": "mal", "title": "Malaquias" },
    { "slug": "mat", "downloadSlug": "mat", "title": "Mateus" },
    { "slug": "mrk", "downloadSlug": "mrk", "title": "Marcos" },
    { "slug": "luk", "downloadSlug": "luk", "title": "Lucas" },
    { "slug": "jhn", "downloadSlug": "jhn", "title": "João" },
    { "slug": "act", "downloadSlug": "act", "title": "Atos dos Apóstolos" },
    { "slug": "rom", "downloadSlug": "rom", "title": "Romanos" },
    { "slug": "1co", "downloadSlug": "1co", "title": "1 Coríntios" },
    { "slug": "2co", "downloadSlug": "2co", "title": "2 Coríntios" },
    { "slug": "gal", "downloadSlug": "gal", "title": "Gálatas" },
    { "slug": "eph", "downloadSlug": "eph", "title": "Efésios" },
    { "slug": "php", "downloadSlug": "php", "title": "Filipenses" },
    { "slug": "col", "downloadSlug": "col", "title": "Colossenses" },
    { "slug": "1th", "downloadSlug": "1th", "title": "1 Tessalonicenses" },
    { "slug": "2th", "downloadSlug": "2th", "title": "2 Tessalonicenses" },
    { "slug": "1ti", "downloadSlug": "1ti", "title": "1 Timóteo" },
    { "slug": "2ti", "downloadSlug": "2ti", "title": "2 Timóteo" },
    { "slug": "tit", "downloadSlug": "tit", "title": "Tito" },
    { "slug": "phm", "downloadSlug": "phm", "title": "Filemom" },
    { "slug": "heb", "downloadSlug": "heb", "title": "Hebreus" },
    { "slug": "jas", "downloadSlug": "jas", "title": "Tiago" },
    { "slug": "1pe", "downloadSlug": "1pe", "title": "1 Pedro" },
    { "slug": "2pe", "downloadSlug": "2pe", "title": "2 Pedro" },
    { "slug": "1jn", "downloadSlug": "1jn", "title": "1 João" },
    { "slug": "2jn", "downloadSlug": "2jn", "title": "2 João" },
    { "slug": "3jn", "downloadSlug": "3jn", "title": "3 João" },
    { "slug": "jud", "downloadSlug": "jud", "title": "Judas" },
    { "slug": "rev", "downloadSlug": "rev", "title": "Apocalipse" }
]
